<?xml version="1.0" encoding="UTF-8"?>
<GenRun Id="impl_1" LaunchPart="xc7a35tcpg236-1" LaunchTime="1736332249">
  <File Type="PWROPT-DCP" Name="numarator_pwropt.dcp"/>
  <File Type="ROUTE-PWR" Name="numarator_power_routed.rpt"/>
  <File Type="PA-TCL" Name="numarator.tcl"/>
  <File Type="ROUTE-PWR-SUM" Name="numarator_power_summary_routed.pb"/>
  <File Type="REPORTS-TCL" Name="numarator_reports.tcl"/>
  <File Type="BG-DRC" Name="numarator.drc"/>
  <File Type="OPT-METHODOLOGY-DRC" Name="numarator_methodology_drc_opted.rpt"/>
  <File Type="INIT-TIMING" Name="numarator_timing_summary_init.rpt"/>
  <File Type="OPT-HWDEF" Name="numarator.hwdef"/>
  <File Type="OPT-DCP" Name="numarator_opt.dcp"/>
  <File Type="OPT-DRC" Name="numarator_drc_opted.rpt"/>
  <File Type="OPT-TIMING" Name="numarator_timing_summary_opted.rpt"/>
  <File Type="PWROPT-DRC" Name="numarator_drc_pwropted.rpt"/>
  <File Type="PWROPT-TIMING" Name="numarator_timing_summary_pwropted.rpt"/>
  <File Type="PLACE-DCP" Name="numarator_placed.dcp"/>
  <File Type="PLACE-IO" Name="numarator_io_placed.rpt"/>
  <File Type="PLACE-CLK" Name="numarator_clock_utilization_placed.rpt"/>
  <File Type="PLACE-UTIL" Name="numarator_utilization_placed.rpt"/>
  <File Type="PLACE-UTIL-PB" Name="numarator_utilization_placed.pb"/>
  <File Type="PLACE-CTRL" Name="numarator_control_sets_placed.rpt"/>
  <File Type="PLACE-SIMILARITY" Name="numarator_incremental_reuse_placed.rpt"/>
  <File Type="PLACE-PRE-SIMILARITY" Name="numarator_incremental_reuse_pre_placed.rpt"/>
  <File Type="PLACE-TIMING" Name="numarator_timing_summary_placed.rpt"/>
  <File Type="POSTPLACE-PWROPT-DCP" Name="numarator_postplace_pwropt.dcp"/>
  <File Type="POSTPLACE-PWROPT-TIMING" Name="numarator_timing_summary_postplace_pwropted.rpt"/>
  <File Type="PHYSOPT-DCP" Name="numarator_physopt.dcp"/>
  <File Type="PHYSOPT-DRC" Name="numarator_drc_physopted.rpt"/>
  <File Type="BG-BIT" Name="numarator.bit"/>
  <File Type="PHYSOPT-TIMING" Name="numarator_timing_summary_physopted.rpt"/>
  <File Type="ROUTE-ERROR-DCP" Name="numarator_routed_error.dcp"/>
  <File Type="ROUTE-DCP" Name="numarator_routed.dcp"/>
  <File Type="ROUTE-BLACKBOX-DCP" Name="numarator_routed_bb.dcp"/>
  <File Type="ROUTE-DRC" Name="numarator_drc_routed.rpt"/>
  <File Type="ROUTE-DRC-PB" Name="numarator_drc_routed.pb"/>
  <File Type="BITSTR-MSK" Name="numarator.msk"/>
  <File Type="ROUTE-DRC-RPX" Name="numarator_drc_routed.rpx"/>
  <File Type="BG-BGN" Name="numarator.bgn"/>
  <File Type="ROUTE-METHODOLOGY-DRC" Name="numarator_methodology_drc_routed.rpt"/>
  <File Type="BITSTR-RBT" Name="numarator.rbt"/>
  <File Type="ROUTE-METHODOLOGY-DRC-RPX" Name="numarator_methodology_drc_routed.rpx"/>
  <File Type="BG-BIN" Name="numarator.bin"/>
  <File Type="ROUTE-METHODOLOGY-DRC-PB" Name="numarator_methodology_drc_routed.pb"/>
  <File Type="ROUTE-PWR-RPX" Name="numarator_power_routed.rpx"/>
  <File Type="ROUTE-STATUS" Name="numarator_route_status.rpt"/>
  <File Type="ROUTE-STATUS-PB" Name="numarator_route_status.pb"/>
  <File Type="ROUTE-TIMINGSUMMARY" Name="numarator_timing_summary_routed.rpt"/>
  <File Type="ROUTE-TIMING-PB" Name="numarator_timing_summary_routed.pb"/>
  <File Type="ROUTE-TIMING-RPX" Name="numarator_timing_summary_routed.rpx"/>
  <File Type="ROUTE-SIMILARITY" Name="numarator_incremental_reuse_routed.rpt"/>
  <File Type="RDI-RDI" Name="numarator.vdi"/>
  <File Type="ROUTE-CLK" Name="numarator_clock_utilization_routed.rpt"/>
  <File Type="POSTROUTE-PHYSOPT-DCP" Name="numarator_postroute_physopt.dcp"/>
  <File Type="POSTROUTE-PHYSOPT-BLACKBOX-DCP" Name="numarator_postroute_physopt_bb.dcp"/>
  <File Type="POSTROUTE-PHYSOPT-TIMING" Name="numarator_timing_summary_postroute_physopted.rpt"/>
  <File Type="POSTROUTE-PHYSOPT-TIMING-PB" Name="numarator_timing_summary_postroute_physopted.pb"/>
  <File Type="POSTROUTE-PHYSOPT-TIMING-RPX" Name="numarator_timing_summary_postroute_physopted.rpx"/>
  <File Type="BITSTR-NKY" Name="numarator.nky"/>
  <File Type="BITSTR-BMM" Name="numarator_bd.bmm"/>
  <File Type="BITSTR-MMI" Name="numarator.mmi"/>
  <File Type="BITSTR-LTX" Name="debug_nets.ltx"/>
  <File Type="BITSTR-LTX" Name="numarator.ltx"/>
  <File Type="BITSTR-SYSDEF" Name="numarator.sysdef"/>
  <File Type="WBT-USG" Name="usage_statistics_webtalk.html"/>
  <FileSet Name="sources" Type="DesignSrcs" RelSrcDir="$PSRCDIR/sources_1">
    <Filter Type="Srcs"/>
    <File Path="$PSRCDIR/sources_1/new/numarator.vhd">
      <FileInfo>
        <Attr Name="UsedIn" Val="synthesis"/>
        <Attr Name="UsedIn" Val="simulation"/>
      </FileInfo>
    </File>
    <Config>
      <Option Name="DesignMode" Val="RTL"/>
      <Option Name="TopModule" Val="numarator"/>
      <Option Name="TopAutoSet" Val="TRUE"/>
    </Config>
  </FileSet>
  <FileSet Name="constrs_in" Type="Constrs" RelSrcDir="$PSRCDIR/constrs_1">
    <Filter Type="Constrs"/>
    <File Path="$PSRCDIR/constrs_1/new/Basys3.xdc">
      <FileInfo>
        <Attr Name="UsedIn" Val="synthesis"/>
        <Attr Name="UsedIn" Val="implementation"/>
      </FileInfo>
    </File>
    <Config>
      <Option Name="ConstrsType" Val="XDC"/>
    </Config>
  </FileSet>
  <Strategy Version="1" Minor="2">
    <StratHandle Name="Vivado Implementation Defaults" Flow="Vivado Implementation 2018">
      <Desc>Default settings for Implementation.</Desc>
    </StratHandle>
    <Step Id="init_design"/>
    <Step Id="opt_design"/>
    <Step Id="power_opt_design"/>
    <Step Id="place_design"/>
    <Step Id="post_place_power_opt_design"/>
    <Step Id="phys_opt_design"/>
    <Step Id="route_design"/>
    <Step Id="post_route_phys_opt_design"/>
    <Step Id="write_bitstream"/>
  </Strategy>
</GenRun>
